Track ID,Entry Time,Exit Time,Duration (seconds)
1,0,2.1999999999999957,2.1999999999999957,,
2,4.4,139.5,135.1
3,0,1.3999999999999986,1.3999999999999986,,
5,0,2.5,2.5,,
6,0,1.2000000000000028,1.2000000000000028,,
7,112.0,139.5,27.5,,
